1,&#12501;&#12471;&#12462;&#12480;&#12493,318
2,&#12501;&#12471;&#12462;&#12477;&#12454,405
3,&#12501;&#12471;&#12462;&#12496;&#12490,525
4,&#12498;&#12488;&#12459;&#12466,309
5,&#12522;&#12470;&#12540;&#12489,405
6,&#12522;&#12470;&#12540;&#12489;&#12531,534
7,&#12476;&#12491;&#12460;&#12513,314
8,&#12459;&#12513;&#12540;&#12523,405
9,&#12459;&#12513;&#12483;&#12463;&#12473,530
10,&#12461;&#12515;&#12479;&#12500;&#12540,195
11,&#12488;&#12521;&#12531;&#12475;&#12523,205
12,&#12496;&#12479;&#12501;&#12522;&#12540,395
13,&#12499;&#12540;&#12489;&#12523,195
14,&#12467;&#12463;&#12540;&#12531,205
15,&#12473;&#12500;&#12450;&#12540,395
16,&#12509;&#12483;&#12509,251
17,&#12500;&#12472;&#12519;&#12531,349
18,&#12500;&#12472;&#12519;&#12483;&#12488,479
19,&#12467;&#12521;&#12483;&#12479,253
20,&#12521;&#12483;&#12479,413
21,&#12458;&#12491;&#12473;&#12474;&#12513,262
22,&#12458;&#12491;&#12489;&#12522;&#12523,442
23,&#12450;&#12540;&#12508,288
24,&#12450;&#12540;&#12508;&#12483;&#12463,438
25,&#12500;&#12459;&#12481;&#12517;&#12454,320
26,&#12521;&#12452;&#12481;&#12517;&#12454,485
27,&#12469;&#12531;&#12489,300
28,&#12469;&#12531;&#12489;&#12497;&#12531,450
29,&#12491;&#12489;&#12521;&#12531;&#9792,275
30,&#12491;&#12489;&#12522;&#12540;&#12490,365
31,&#12491;&#12489;&#12463;&#12452;&#12531,505
32,&#12491;&#12489;&#12521;&#12531;&#9794,273
33,&#12491;&#12489;&#12522;&#12540;&#12494,365
34,&#12491;&#12489;&#12461;&#12531;&#12464,505
35,&#12500;&#12483;&#12500,323
36,&#12500;&#12463;&#12471;&#12540,483
37,&#12525;&#12467;&#12531,299
38,&#12461;&#12517;&#12454;&#12467;&#12531,505
39,&#12503;&#12522;&#12531,270
40,&#12503;&#12463;&#12522;&#12531,435
41,&#12474;&#12496;&#12483;&#12488,245
42,&#12468;&#12523;&#12496;&#12483;&#12488,455
43,&#12490;&#12478;&#12494;&#12463;&#12469,320
44,&#12463;&#12469;&#12452;&#12495;&#12490,395
45,&#12521;&#12501;&#12524;&#12471;&#12450,490
46,&#12497;&#12521;&#12473,285
47,&#12497;&#12521;&#12475;&#12463;&#12488,405
48,&#12467;&#12531;&#12497;&#12531,305
49,&#12514;&#12523;&#12501;&#12457;&#12531,450
50,&#12487;&#12451;&#12464;&#12480,265
51,&#12480;&#12464;&#12488;&#12522;&#12458,405
52,&#12491;&#12515;&#12540;&#12473,290
53,&#12506;&#12523;&#12471;&#12450;&#12531,440
54,&#12467;&#12480;&#12483;&#12463,320
55,&#12468;&#12523;&#12480;&#12483;&#12463,500
56,&#12510;&#12531;&#12461;&#12540,305
57,&#12458;&#12467;&#12522;&#12470;&#12523,455
58,&#12460;&#12540;&#12487;&#12451,350
59,&#12454;&#12452;&#12531;&#12487;&#12451,555
60,&#12491;&#12519;&#12525;&#12514,300
61,&#12491;&#12519;&#12525;&#12478,385
62,&#12491;&#12519;&#12525;&#12508;&#12531,510
63,&#12465;&#12540;&#12471;&#12451,310
64,&#12518;&#12531;&#12466;&#12521;&#12540,400
65,&#12501;&#12540;&#12487;&#12451;&#12531,500
66,&#12527;&#12531;&#12522;&#12461;&#12540,305
67,&#12468;&#12540;&#12522;&#12461;&#12540,405
68,&#12459;&#12452;&#12522;&#12461;&#12540,505
69,&#12510;&#12480;&#12484;&#12508;&#12511,300
70,&#12454;&#12484;&#12489;&#12531,390
71,&#12454;&#12484;&#12508;&#12483;&#12488,490
72,&#12513;&#12494;&#12463;&#12521;&#12466,335
73,&#12489;&#12463;&#12463;&#12521;&#12466,515
74,&#12452;&#12471;&#12484;&#12502;&#12486,300
75,&#12468;&#12525;&#12540;&#12531,390
76,&#12468;&#12525;&#12540;&#12491;&#12515,495
77,&#12509;&#12491;&#12540;&#12479,410
78,&#12462;&#12515;&#12525;&#12483;&#12503,500
79,&#12516;&#12489;&#12531,315
80,&#12516;&#12489;&#12521;&#12531,490
81,&#12467;&#12452;&#12523,325
82,&#12524;&#12450;&#12467;&#12452;&#12523,465
83,&#12459;&#12514;&#12493;&#12462,352
84,&#12489;&#12540;&#12489;&#12540,310
85,&#12489;&#12540;&#12489;&#12522;&#12458,460
86,&#12497;&#12454;&#12527;&#12454,325
87,&#12472;&#12517;&#12468;&#12531,475
88,&#12505;&#12488;&#12505;&#12479;&#12540,325
89,&#12505;&#12488;&#12505;&#12488;&#12531,500
90,&#12471;&#12455;&#12523;&#12480;&#12540,305
91,&#12497;&#12523;&#12471;&#12455;&#12531,525
92,&#12468;&#12540;&#12473,310
93,&#12468;&#12540;&#12473;&#12488,405
94,&#12466;&#12531;&#12460;&#12540,500
95,&#12452;&#12527;&#12540;&#12463,385
96,&#12473;&#12522;&#12540;&#12503,328
97,&#12473;&#12522;&#12540;&#12497;&#12540,483
98,&#12463;&#12521;&#12502,325
99,&#12461;&#12531;&#12464;&#12521;&#12540,475
100,&#12499;&#12522;&#12522;&#12480;&#12510,330
101,&#12510;&#12523;&#12510;&#12452;&#12531,480
102,&#12479;&#12510;&#12479;&#12510,325
103,&#12490;&#12483;&#12471;&#12540,520
104,&#12459;&#12521;&#12459;&#12521,320
105,&#12460;&#12521;&#12460;&#12521,425
106,&#12469;&#12527;&#12512;&#12521;&#12540,455
107,&#12456;&#12499;&#12527;&#12521;&#12540,455
108,&#12505;&#12525;&#12522;&#12531;&#12460,385
109,&#12489;&#12460;&#12540;&#12473,340
110,&#12510;&#12479;&#12489;&#12460;&#12473,490
111,&#12469;&#12452;&#12507;&#12540;&#12531,345
112,&#12469;&#12452;&#12489;&#12531,485
113,&#12521;&#12483;&#12461;&#12540,450
114,&#12514;&#12531;&#12472;&#12515;&#12521,435
115,&#12460;&#12523;&#12540;&#12521,490
116,&#12479;&#12483;&#12484;&#12540,295
117,&#12471;&#12540;&#12489;&#12521,440
118,&#12488;&#12469;&#12461;&#12531;&#12488,320
119,&#12450;&#12474;&#12510;&#12458;&#12454,450
120,&#12498;&#12488;&#12487;&#12510;&#12531,340
121,&#12473;&#12479;&#12540;&#12511;&#12540,520
122,&#12496;&#12522;&#12516;&#12540;&#12489,460
123,&#12473;&#12488;&#12521;&#12452;&#12463,500
124,&#12523;&#12540;&#12472;&#12517;&#12521,455
125,&#12456;&#12524;&#12502;&#12540,490
126,&#12502;&#12540;&#12496;&#12540,495
127,&#12459;&#12452;&#12525;&#12473,500
128,&#12465;&#12531;&#12479;&#12525;&#12473,490
129,&#12467;&#12452;&#12461;&#12531;&#12464,200
130,&#12462;&#12515;&#12521;&#12489;&#12473,540
131,&#12521;&#12503;&#12521;&#12473,535
132,&#12513;&#12479;&#12514;&#12531,288
133,&#12452;&#12540;&#12502;&#12452,325
134,&#12471;&#12515;&#12527;&#12540;&#12474,525
135,&#12469;&#12531;&#12480;&#12540;&#12473,525
136,&#12502;&#12540;&#12473;&#12479;&#12540,525
137,&#12509;&#12522;&#12468;&#12531,395
138,&#12458;&#12512;&#12490;&#12452;&#12488,355
139,&#12458;&#12512;&#12473;&#12479;&#12540,495
140,&#12459;&#12502;&#12488,355
141,&#12459;&#12502;&#12488;&#12503;&#12473,495
142,&#12503;&#12486;&#12521,515
143,&#12459;&#12499;&#12468;&#12531,540
144,&#12501;&#12522;&#12540;&#12470;&#12540,580
145,&#12469;&#12531;&#12480;&#12540,580
146,&#12501;&#12449;&#12452;&#12516;&#12540,580
147,&#12511;&#12491;&#12522;&#12517;&#12454,300
148,&#12495;&#12463;&#12522;&#12517;&#12540,420
149,&#12459;&#12452;&#12522;&#12517;&#12540,600
150,&#12511;&#12517;&#12454;&#12484;&#12540,680
151,&#12511;&#12517;&#12454,600
152,&#12481;&#12467;&#12522;&#12540;&#12479,318
153,&#12505;&#12452;&#12522;&#12540;&#12501,405
154,&#12513;&#12460;&#12491;&#12454;&#12512,525
155,&#12498;&#12494;&#12450;&#12521;&#12471,309
156,&#12510;&#12464;&#12510;&#12521;&#12471,405
157,&#12496;&#12463;&#12501;&#12540;&#12531,534
158,&#12527;&#12491;&#12494;&#12467,314
159,&#12450;&#12522;&#12466;&#12452;&#12484,405
160,&#12458;&#12540;&#12480;&#12452;&#12523,530
161,&#12458;&#12479;&#12481,215
162,&#12458;&#12458;&#12479;&#12481,415
163,&#12507;&#12540;&#12507;&#12540,262
164,&#12520;&#12523;&#12494;&#12474;&#12463,442
165,&#12524;&#12487;&#12451;&#12496,265
166,&#12524;&#12487;&#12451;&#12450;&#12531,390
167,&#12452;&#12488;&#12510;&#12523,250
168,&#12450;&#12522;&#12450;&#12489;&#12473,390
169,&#12463;&#12525;&#12496;&#12483;&#12488,535
170,&#12481;&#12519;&#12531;&#12481;&#12540,330
171,&#12521;&#12531;&#12479;&#12540;&#12531,460
172,&#12500;&#12481;&#12517;&#12540,205
173,&#12500;&#12451,218
174,&#12503;&#12503;&#12522;&#12531,210
175,&#12488;&#12466;&#12500;&#12540,245
176,&#12488;&#12466;&#12481;&#12483;&#12463,405
177,&#12493;&#12452;&#12486;&#12451,320
178,&#12493;&#12452;&#12486;&#12451;&#12458,470
179,&#12513;&#12522;&#12540;&#12503,280
180,&#12514;&#12467;&#12467,365
181,&#12487;&#12531;&#12522;&#12517;&#12454,510
182,&#12461;&#12524;&#12452;&#12495;&#12490,490
183,&#12510;&#12522;&#12523,250
184,&#12510;&#12522;&#12523;&#12522,420
185,&#12454;&#12477;&#12483;&#12461;&#12540,410
186,&#12491;&#12519;&#12525;&#12488;&#12494,500
187,&#12495;&#12493;&#12483;&#12467,250
188,&#12509;&#12509;&#12483;&#12467,340
189,&#12527;&#12479;&#12483;&#12467,460
190,&#12456;&#12452;&#12497;&#12512,360
191,&#12498;&#12510;&#12490;&#12483;&#12484,180
192,&#12461;&#12510;&#12527;&#12522,425
193,&#12516;&#12531;&#12516;&#12531;&#12510,390
194,&#12454;&#12497;&#12540,210
195,&#12492;&#12458;&#12540,430
196,&#12456;&#12540;&#12501;&#12451,525
197,&#12502;&#12521;&#12483;&#12461;&#12540,525
198,&#12516;&#12511;&#12459;&#12521;&#12473,405
199,&#12516;&#12489;&#12461;&#12531;&#12464,490
200,&#12512;&#12454;&#12510,435
201,&#12450;&#12531;&#12494;&#12540;&#12531,336
202,&#12477;&#12540;&#12490;&#12531;&#12473,405
203,&#12461;&#12522;&#12531;&#12522;&#12461,455
204,&#12463;&#12492;&#12462;&#12480;&#12510,290
205,&#12501;&#12457;&#12524;&#12488;&#12473,465
206,&#12494;&#12467;&#12483;&#12481,415
207,&#12464;&#12521;&#12452;&#12460;&#12540,430
208,&#12495;&#12460;&#12493;&#12540;&#12523,510
209,&#12502;&#12523;&#12540,300
210,&#12464;&#12521;&#12531;&#12502;&#12523,450
211,&#12495;&#12522;&#12540;&#12475;&#12531,430
212,&#12495;&#12483;&#12469;&#12512,500
213,&#12484;&#12508;&#12484;&#12508,505
214,&#12504;&#12521;&#12463;&#12525;&#12473,500
215,&#12491;&#12517;&#12540;&#12521,430
216,&#12498;&#12513;&#12464;&#12510,330
217,&#12522;&#12531;&#12464;&#12510,500
218,&#12510;&#12464;&#12510;&#12483;&#12464,250
219,&#12510;&#12464;&#12459;&#12523;&#12468,410
220,&#12454;&#12522;&#12512;&#12540,250
221,&#12452;&#12494;&#12512;&#12540,450
222,&#12469;&#12491;&#12540;&#12468,380
223,&#12486;&#12483;&#12509;&#12454;&#12458,300
224,&#12458;&#12463;&#12479;&#12531,480
225,&#12487;&#12522;&#12496;&#12540;&#12489,330
226,&#12510;&#12531;&#12479;&#12452;&#12531,465
227,&#12456;&#12450;&#12540;&#12512;&#12489,465
228,&#12487;&#12523;&#12499;&#12523,330
229,&#12504;&#12523;&#12460;&#12540,500
230,&#12461;&#12531;&#12464;&#12489;&#12521,540
231,&#12468;&#12510;&#12478;&#12454,330
232,&#12489;&#12531;&#12501;&#12449;&#12531,500
233,&#12509;&#12522;&#12468;&#12531;&#65298,515
234,&#12458;&#12489;&#12471;&#12471,465
235,&#12489;&#12540;&#12502;&#12523,250
236,&#12496;&#12523;&#12461;&#12540,210
237,&#12459;&#12509;&#12456;&#12521;&#12540,455
238,&#12512;&#12481;&#12517;&#12540;&#12523,305
239,&#12456;&#12524;&#12461;&#12483;&#12489,360
240,&#12502;&#12499;&#12451,365
241,&#12511;&#12523;&#12479;&#12531;&#12463,490
242,&#12495;&#12500;&#12490;&#12473,540
243,&#12521;&#12452;&#12467;&#12454,580
244,&#12456;&#12531;&#12486;&#12452,580
245,&#12473;&#12452;&#12463;&#12531,580
246,&#12520;&#12540;&#12462;&#12521;&#12473,300
247,&#12469;&#12490;&#12462;&#12521;&#12473,410
248,&#12496;&#12531;&#12462;&#12521;&#12473,600
249,&#12523;&#12462;&#12450,680
250,&#12507;&#12454;&#12458;&#12454,680
251,&#12475;&#12524;&#12499;&#12451,600
252,&#12461;&#12514;&#12522,310
253,&#12472;&#12517;&#12503;&#12488;&#12523,405
254,&#12472;&#12517;&#12459;&#12452;&#12531,530
255,&#12450;&#12481;&#12515;&#12514,310
256,&#12527;&#12459;&#12471;&#12515;&#12514,405
257,&#12496;&#12471;&#12515;&#12540;&#12514,530
258,&#12511;&#12474;&#12468;&#12525;&#12454,310
259,&#12492;&#12510;&#12463;&#12525;&#12540,405
260,&#12521;&#12464;&#12521;&#12540;&#12472,535
261,&#12509;&#12481;&#12456;&#12490,220
262,&#12464;&#12521;&#12456;&#12490,420
263,&#12472;&#12464;&#12470;&#12464;&#12510,240
264,&#12510;&#12483;&#12473;&#12464;&#12510,420
265,&#12465;&#12512;&#12483;&#12477,195
266,&#12459;&#12521;&#12469;&#12522;&#12473,205
267,&#12450;&#12466;&#12495;&#12531;&#12488,395
268,&#12510;&#12518;&#12523;&#12489,205
269,&#12489;&#12463;&#12465;&#12452;&#12523,385
270,&#12495;&#12473;&#12508;&#12540,220
271,&#12495;&#12473;&#12502;&#12524;&#12525,340
272,&#12523;&#12531;&#12497;&#12483;&#12497,480
273,&#12479;&#12493;&#12508;&#12540,220
274,&#12467;&#12494;&#12495;&#12490,340
275,&#12480;&#12540;&#12486;&#12531;&#12464,480
276,&#12473;&#12496;&#12513,270
277,&#12458;&#12458;&#12473;&#12496;&#12513,430
278,&#12461;&#12515;&#12514;&#12513,270
279,&#12506;&#12522;&#12483;&#12497;&#12540,430
280,&#12521;&#12523;&#12488;&#12473,198
281,&#12461;&#12523;&#12522;&#12450,278
282,&#12469;&#12540;&#12490;&#12452;&#12488,518
283,&#12450;&#12513;&#12479;&#12510,269
284,&#12450;&#12513;&#12514;&#12540;&#12473,414
285,&#12461;&#12494;&#12467;&#12467,295
286,&#12461;&#12494;&#12460;&#12483;&#12469,460
287,&#12490;&#12510;&#12465;&#12525,280
288,&#12516;&#12523;&#12461;&#12514;&#12494,440
289,&#12465;&#12483;&#12461;&#12531;&#12464,670
290,&#12484;&#12481;&#12491;&#12531,266
291,&#12486;&#12483;&#12459;&#12491;&#12531,456
292,&#12492;&#12465;&#12491;&#12531,236
293,&#12468;&#12491;&#12519;&#12491;&#12519,240
294,&#12489;&#12468;&#12540;&#12512,360
295,&#12496;&#12463;&#12458;&#12531;&#12464,490
296,&#12510;&#12463;&#12494;&#12471;&#12479,237
297,&#12495;&#12522;&#12486;&#12516;&#12510,474
298,&#12523;&#12522;&#12522,190
299,&#12494;&#12474;&#12497;&#12473,375
300,&#12456;&#12493;&#12467,260
301,&#12456;&#12493;&#12467;&#12525;&#12525,380
302,&#12516;&#12511;&#12521;&#12511,380
303,&#12463;&#12481;&#12540;&#12488,380
304,&#12467;&#12467;&#12489;&#12521,330
305,&#12467;&#12489;&#12521,430
306,&#12508;&#12473;&#12468;&#12489;&#12521,530
307,&#12450;&#12469;&#12490;&#12531,280
308,&#12481;&#12515;&#12540;&#12524;&#12512,410
309,&#12521;&#12463;&#12521;&#12452,295
310,&#12521;&#12452;&#12508;&#12523;&#12488,475
311,&#12503;&#12521;&#12473;&#12523,405
312,&#12510;&#12452;&#12490;&#12531,405
313,&#12496;&#12523;&#12499;&#12540;&#12488,400
314,&#12452;&#12523;&#12511;&#12540;&#12476,400
315,&#12525;&#12476;&#12522;&#12450,400
316,&#12468;&#12463;&#12522;&#12531,302
317,&#12510;&#12523;&#12494;&#12540;&#12512,467
318,&#12461;&#12496;&#12491;&#12450,305
319,&#12469;&#12513;&#12495;&#12480;&#12540,460
320,&#12507;&#12456;&#12523;&#12467,400
321,&#12507;&#12456;&#12523;&#12458;&#12540,500
322,&#12489;&#12531;&#12513;&#12523,305
323,&#12496;&#12463;&#12540;&#12480,460
324,&#12467;&#12540;&#12479;&#12473,470
325,&#12496;&#12493;&#12502;&#12540,330
326,&#12502;&#12540;&#12500;&#12483;&#12464,470
327,&#12497;&#12483;&#12481;&#12540;&#12523,360
328,&#12490;&#12483;&#12463;&#12521;&#12540,290
329,&#12499;&#12502;&#12521;&#12540;&#12496,340
330,&#12501;&#12521;&#12452;&#12468;&#12531,520
331,&#12469;&#12508;&#12493;&#12450,335
332,&#12494;&#12463;&#12479;&#12473,475
333,&#12481;&#12523;&#12483;&#12488,310
334,&#12481;&#12523;&#12479;&#12522;&#12473,490
335,&#12470;&#12531;&#12464;&#12540;&#12473,458
336,&#12495;&#12502;&#12493;&#12540;&#12463,458
337,&#12523;&#12490;&#12488;&#12540;&#12531,440
338,&#12477;&#12523;&#12525;&#12483;&#12463,440
339,&#12489;&#12472;&#12519;&#12483;&#12481,288
340,&#12490;&#12510;&#12474;&#12531,468
341,&#12504;&#12452;&#12460;&#12491,308
342,&#12471;&#12470;&#12522;&#12460;&#12540,468
343,&#12516;&#12472;&#12525;&#12531,300
344,&#12493;&#12531;&#12489;&#12540;&#12523,500
345,&#12522;&#12522;&#12540;&#12521,355
346,&#12518;&#12524;&#12452;&#12489;&#12523,495
347,&#12450;&#12494;&#12503;&#12473,355
348,&#12450;&#12540;&#12510;&#12523;&#12489,495
349,&#12498;&#12531;&#12496;&#12473,200
350,&#12511;&#12525;&#12459;&#12525;&#12473,540
351,&#12509;&#12527;&#12523;&#12531,420
352,&#12459;&#12463;&#12524;&#12458;&#12531,440
353,&#12459;&#12466;&#12508;&#12454;&#12474,295
354,&#12472;&#12517;&#12506;&#12483;&#12479,455
355,&#12520;&#12510;&#12527;&#12523,295
356,&#12469;&#12510;&#12520;&#12540;&#12523,455
357,&#12488;&#12525;&#12500;&#12454;&#12473,460
358,&#12481;&#12522;&#12540;&#12531,425
359,&#12450;&#12502;&#12477;&#12523,465
360,&#12477;&#12540;&#12490;&#12494,260
361,&#12518;&#12461;&#12527;&#12521;&#12471,300
362,&#12458;&#12491;&#12468;&#12540;&#12522,480
363,&#12479;&#12510;&#12470;&#12521;&#12471,290
364,&#12488;&#12489;&#12464;&#12521;&#12540,410
365,&#12488;&#12489;&#12476;&#12523;&#12460,530
366,&#12497;&#12540;&#12523;&#12523,345
367,&#12495;&#12531;&#12486;&#12540;&#12523,485
368,&#12469;&#12463;&#12521;&#12499;&#12473,485
369,&#12472;&#12540;&#12521;&#12531;&#12473,485
370,&#12521;&#12502;&#12459;&#12473,330
371,&#12479;&#12484;&#12505;&#12452,300
372,&#12467;&#12514;&#12523;&#12540,420
373,&#12508;&#12540;&#12510;&#12531;&#12480,600
374,&#12480;&#12531;&#12496;&#12523,300
375,&#12513;&#12479;&#12531;&#12464,420
376,&#12513;&#12479;&#12464;&#12525;&#12473,600
377,&#12524;&#12472;&#12525;&#12483;&#12463,580
378,&#12524;&#12472;&#12450;&#12452;&#12473,580
379,&#12524;&#12472;&#12473;&#12481;&#12523,580
380,&#12521;&#12486;&#12451;&#12450;&#12473,600
381,&#12521;&#12486;&#12451;&#12458;&#12473,600
382,&#12459;&#12452;&#12458;&#12540;&#12460,670
383,&#12464;&#12521;&#12540;&#12489;&#12531,670
384,&#12524;&#12483;&#12463;&#12454;&#12470,680
385,&#12472;&#12521;&#12540;&#12481,600
386,&#12487;&#12458;&#12461;&#12471;&#12473,600
387,&#12490;&#12456;&#12488;&#12523,318
388,&#12495;&#12516;&#12471;&#12460;&#12513,405
389,&#12489;&#12480;&#12452;&#12488;&#12473,525
390,&#12498;&#12467;&#12470;&#12523,309
391,&#12514;&#12454;&#12459;&#12470;&#12523,405
392,&#12468;&#12454;&#12459;&#12470;&#12523,534
393,&#12509;&#12483;&#12481;&#12515;&#12510,314
394,&#12509;&#12483;&#12479;&#12452;&#12471,405
395,&#12456;&#12531;&#12506;&#12523;&#12488,530
396,&#12512;&#12483;&#12463;&#12523,245
397,&#12512;&#12463;&#12496;&#12540;&#12489,340
398,&#12512;&#12463;&#12507;&#12540;&#12463,485
399,&#12499;&#12483;&#12497,250
400,&#12499;&#12540;&#12480;&#12523,410
401,&#12467;&#12525;&#12508;&#12540;&#12471,194
402,&#12467;&#12525;&#12488;&#12483;&#12463,384
403,&#12467;&#12522;&#12531;&#12463,263
404,&#12523;&#12463;&#12471;&#12458,363
405,&#12524;&#12531;&#12488;&#12521;&#12540,523
406,&#12473;&#12508;&#12511;&#12540,280
407,&#12525;&#12474;&#12524;&#12452;&#12489,515
408,&#12474;&#12460;&#12452;&#12489;&#12473,350
409,&#12521;&#12512;&#12497;&#12523;&#12489,495
410,&#12479;&#12486;&#12488;&#12503;&#12473,350
411,&#12488;&#12522;&#12486;&#12503;&#12473,495
412,&#12511;&#12494;&#12512;&#12483;&#12481,224
413,&#12511;&#12494;&#12510;&#12480;&#12512,424
414,&#12460;&#12540;&#12513;&#12452;&#12523,424
415,&#12511;&#12484;&#12495;&#12491;&#12540,244
416,&#12499;&#12540;&#12463;&#12452;&#12531,474
417,&#12497;&#12481;&#12522;&#12473,405
418,&#12502;&#12452;&#12476;&#12523,330
419,&#12501;&#12525;&#12540;&#12476;&#12523,495
420,&#12481;&#12455;&#12522;&#12531;&#12508,275
421,&#12481;&#12455;&#12522;&#12512,450
422,&#12459;&#12521;&#12490;&#12463;&#12471,325
423,&#12488;&#12522;&#12488;&#12489;&#12531,475
424,&#12456;&#12486;&#12508;&#12540;&#12473,482
425,&#12501;&#12527;&#12531;&#12486,348
426,&#12501;&#12527;&#12521;&#12452;&#12489,498
427,&#12511;&#12511;&#12525;&#12523,350
428,&#12511;&#12511;&#12525;&#12483;&#12503,480
429,&#12512;&#12454;&#12510;&#12540;&#12472,495
430,&#12489;&#12531;&#12459;&#12521;&#12473,505
431,&#12491;&#12515;&#12523;&#12510;&#12540,310
432,&#12502;&#12491;&#12515;&#12483;&#12488,452
433,&#12522;&#12540;&#12471;&#12515;&#12531,285
434,&#12473;&#12459;&#12531;&#12503;&#12540,329
435,&#12473;&#12459;&#12479;&#12531;&#12463,479
436,&#12489;&#12540;&#12511;&#12521;&#12540,300
437,&#12489;&#12540;&#12479;&#12463;&#12531,500
438,&#12454;&#12477;&#12495;&#12481,290
439,&#12510;&#12493;&#12493,310
440,&#12500;&#12531;&#12503;&#12463,220
441,&#12506;&#12521;&#12483;&#12503,411
442,&#12511;&#12459;&#12523;&#12466,485
443,&#12501;&#12459;&#12510;&#12523,300
444,&#12460;&#12496;&#12452;&#12488,410
445,&#12460;&#12502;&#12522;&#12450;&#12473,600
446,&#12468;&#12531;&#12505,390
447,&#12522;&#12458;&#12523,285
448,&#12523;&#12459;&#12522;&#12458,525
449,&#12498;&#12509;&#12509;&#12479;&#12473,330
450,&#12459;&#12496;&#12523;&#12489;&#12531,525
451,&#12473;&#12467;&#12523;&#12500,330
452,&#12489;&#12521;&#12500;&#12458;&#12531,500
453,&#12464;&#12524;&#12483;&#12464;&#12523,300
454,&#12489;&#12463;&#12525;&#12483;&#12464,490
455,&#12510;&#12473;&#12461;&#12483;&#12497,454
456,&#12465;&#12452;&#12467;&#12454;&#12458,330
457,&#12493;&#12458;&#12521;&#12531;&#12488,460
458,&#12479;&#12510;&#12531;&#12479,345
459,&#12518;&#12461;&#12459;&#12502;&#12522,334
460,&#12518;&#12461;&#12494;&#12458;&#12540,494
461,&#12510;&#12491;&#12517;&#12540;&#12521,510
462,&#12472;&#12496;&#12467;&#12452;&#12523,535
463,&#12505;&#12525;&#12505;&#12523;&#12488,515
464,&#12489;&#12469;&#12452;&#12489;&#12531,535
465,&#12514;&#12472;&#12515;&#12531;&#12508,535
466,&#12456;&#12524;&#12461;&#12502;&#12523,540
467,&#12502;&#12540;&#12496;&#12540;&#12531,540
468,&#12488;&#12466;&#12461;&#12483;&#12473,545
469,&#12513;&#12460;&#12516;&#12531;&#12510,515
470,&#12522;&#12540;&#12501;&#12451;&#12450,525
471,&#12464;&#12524;&#12452;&#12471;&#12450,525
472,&#12464;&#12521;&#12452;&#12458;&#12531,510
473,&#12510;&#12531;&#12512;&#12540,530
474,&#12509;&#12522;&#12468;&#12531,535
475,&#12456;&#12523;&#12524;&#12452;&#12489,518
476,&#12480;&#12452;&#12494;&#12540;&#12474,525
477,&#12520;&#12494;&#12527;&#12540;&#12523,525
478,&#12518;&#12461;&#12513;&#12494;&#12467,480
479,&#12525;&#12488;&#12512,440
480,&#12518;&#12463;&#12471;&#12540,580
481,&#12456;&#12512;&#12522;&#12483;&#12488,580
482,&#12450;&#12464;&#12494;&#12512,580
483,&#12487;&#12451;&#12450;&#12523;&#12460,680
484,&#12497;&#12523;&#12461;&#12450,680
485,&#12498;&#12540;&#12489;&#12521;&#12531,600
486,&#12524;&#12472;&#12462;&#12460;&#12473,670
487,&#12462;&#12521;&#12486;&#12451;&#12490,680
488,&#12463;&#12524;&#12475;&#12522;&#12450,600
489,&#12501;&#12451;&#12458;&#12493,480
490,&#12510;&#12490;&#12501;&#12451,600
491,&#12480;&#12540;&#12463;&#12521;&#12452,600
492,&#12471;&#12455;&#12452;&#12511,600
493,&#12450;&#12523;&#12475;&#12454;&#12473,720
494,&#12499;&#12463;&#12486;&#12451;&#12491,600
495,&#12484;&#12479;&#12540;&#12472;&#12515,308
496,&#12472;&#12515;&#12494;&#12499;&#12540,413
497,&#12472;&#12515;&#12525;&#12540;&#12480,528
498,&#12509;&#12459;&#12502,308
499,&#12481;&#12515;&#12458;&#12502;&#12540,418
500,&#12456;&#12531;&#12502;&#12458;&#12540,528
501,&#12511;&#12472;&#12517;&#12510;&#12523,308
502,&#12501;&#12479;&#12481;&#12510;&#12523,413
503,&#12480;&#12452;&#12465;&#12531;&#12461,528
504,&#12511;&#12493;&#12474;&#12511,255
505,&#12511;&#12523;&#12507;&#12483;&#12464,420
506,&#12520;&#12540;&#12486;&#12522;&#12540,275
507,&#12495;&#12540;&#12487;&#12522;&#12450,370
508,&#12512;&#12540;&#12521;&#12531;&#12489,500
509,&#12481;&#12519;&#12525;&#12493;&#12467,281
510,&#12524;&#12497;&#12523;&#12480;&#12473,446
511,&#12516;&#12490;&#12483;&#12503,316
512,&#12516;&#12490;&#12483;&#12461;&#12540,498
513,&#12496;&#12458;&#12483;&#12503,316
514,&#12496;&#12458;&#12483;&#12461;&#12540,498
515,&#12498;&#12516;&#12483;&#12503,316
516,&#12498;&#12516;&#12483;&#12461;&#12540,498
517,&#12512;&#12531;&#12490,292
518,&#12512;&#12471;&#12515;&#12540;&#12490,487
519,&#12510;&#12513;&#12497;&#12488,264
520,&#12495;&#12488;&#12540;&#12508;&#12540,358
521,&#12465;&#12531;&#12507;&#12525;&#12454,488
522,&#12471;&#12510;&#12510,295
523,&#12476;&#12502;&#12521;&#12452;&#12459,497
524,&#12480;&#12531;&#12468;&#12525,280
525,&#12460;&#12531;&#12488;&#12523,390
526,&#12462;&#12460;&#12452;&#12450;&#12473,515
527,&#12467;&#12525;&#12514;&#12522,313
528,&#12467;&#12467;&#12525;&#12514;&#12522,425
529,&#12514;&#12464;&#12522;&#12517;&#12540,328
530,&#12489;&#12522;&#12517;&#12454;&#12474,508
531,&#12479;&#12502;&#12531;&#12493,445
532,&#12489;&#12483;&#12467;&#12521;&#12540,305
533,&#12489;&#12486;&#12483;&#12467;&#12484,405
534,&#12525;&#12540;&#12502;&#12471;&#12531,505
535,&#12458;&#12479;&#12510;&#12525,294
536,&#12460;&#12510;&#12460;&#12523,384
537,&#12460;&#12510;&#12466;&#12525;&#12466,509
538,&#12490;&#12466;&#12461,465
539,&#12480;&#12466;&#12461,465
540,&#12463;&#12523;&#12511;&#12523,310
541,&#12463;&#12523;&#12510;&#12518,380
542,&#12495;&#12495;&#12467;&#12514;&#12522,500
543,&#12501;&#12471;&#12487,260
544,&#12507;&#12452;&#12540;&#12460,360
545,&#12506;&#12531;&#12489;&#12521;&#12540,485
546,&#12514;&#12531;&#12513;&#12531,280
547,&#12456;&#12523;&#12501;&#12540;&#12531,480
548,&#12481;&#12517;&#12522;&#12493,280
549,&#12489;&#12524;&#12487;&#12451;&#12450,480
550,&#12496;&#12473;&#12521;&#12458,460
551,&#12513;&#12464;&#12525;&#12467,292
552,&#12527;&#12523;&#12499;&#12523,351
553,&#12527;&#12523;&#12499;&#12450;&#12523,519
554,&#12480;&#12523;&#12510;&#12483;&#12459,315
555,&#12498;&#12498;&#12480;&#12523;&#12510,480
556,&#12510;&#12521;&#12459;&#12483;&#12481,461
557,&#12452;&#12471;&#12474;&#12510;&#12452,325
558,&#12452;&#12527;&#12497;&#12524;&#12473,475
559,&#12474;&#12523;&#12483;&#12464,348
560,&#12474;&#12523;&#12474;&#12461;&#12531,488
561,&#12471;&#12531;&#12508;&#12521;&#12540,490
562,&#12487;&#12473;&#12510;&#12473,303
563,&#12487;&#12473;&#12459;&#12540;&#12531,483
564,&#12503;&#12525;&#12488;&#12540;&#12460,355
565,&#12450;&#12496;&#12468;&#12540;&#12521,495
566,&#12450;&#12540;&#12465;&#12531,401
567,&#12450;&#12540;&#12465;&#12458;&#12473,567
568,&#12516;&#12502;&#12463;&#12525;&#12531,329
569,&#12480;&#12473;&#12488;&#12480;&#12473,474
570,&#12478;&#12525;&#12450,330
571,&#12478;&#12525;&#12450;&#12540;&#12463,510
572,&#12481;&#12521;&#12540;&#12511;&#12451,300
573,&#12481;&#12521;&#12481;&#12540;&#12494,470
574,&#12468;&#12481;&#12512,290
575,&#12468;&#12481;&#12511;&#12523,390
576,&#12468;&#12481;&#12523;&#12476;&#12523,490
577,&#12518;&#12491;&#12521;&#12531,290
578,&#12480;&#12502;&#12521;&#12531,370
579,&#12521;&#12531;&#12463;&#12523;&#12473,490
580,&#12467;&#12450;&#12523;&#12498;&#12540,305
581,&#12473;&#12527;&#12531;&#12490,473
582,&#12496;&#12491;&#12503;&#12483;&#12481,305
583,&#12496;&#12491;&#12522;&#12483;&#12481,395
584,&#12496;&#12452;&#12496;&#12491;&#12521,535
585,&#12471;&#12461;&#12472;&#12459,335
586,&#12513;&#12502;&#12461;&#12472;&#12459,475
587,&#12456;&#12514;&#12531;&#12460,428
588,&#12459;&#12502;&#12523;&#12514,315
589,&#12471;&#12517;&#12496;&#12523;&#12468,495
590,&#12479;&#12510;&#12466;&#12479;&#12465,294
591,&#12514;&#12525;&#12496;&#12524;&#12523,464
592,&#12503;&#12523;&#12522;&#12523,335
593,&#12502;&#12523;&#12531;&#12466;&#12523,480
594,&#12510;&#12510;&#12531;&#12508;&#12454,470
595,&#12496;&#12481;&#12517;&#12523,319
596,&#12487;&#12531;&#12481;&#12517;&#12521,472
597,&#12486;&#12483;&#12471;&#12540;&#12489,305
598,&#12490;&#12483;&#12488;&#12524;&#12452,489
599,&#12462;&#12450;&#12523,300
600,&#12462;&#12462;&#12450;&#12523,440
601,&#12462;&#12462;&#12462;&#12450;&#12523,520
602,&#12471;&#12499;&#12471;&#12521;&#12473,275
603,&#12471;&#12499;&#12499;&#12540;&#12523,405
604,&#12471;&#12499;&#12523;&#12489;&#12531,515
605,&#12522;&#12464;&#12524;&#12540,335
606,&#12458;&#12540;&#12505;&#12512,485
607,&#12498;&#12488;&#12514;&#12471,275
608,&#12521;&#12531;&#12503;&#12521;&#12540,370
609,&#12471;&#12515;&#12531;&#12487;&#12521,520
610,&#12461;&#12496;&#12468,320
611,&#12458;&#12494;&#12531;&#12489,410
612,&#12458;&#12494;&#12494;&#12463;&#12473,540
613,&#12463;&#12510;&#12471;&#12517;&#12531,305
614,&#12484;&#12531;&#12505;&#12450;&#12540,485
615,&#12501;&#12522;&#12540;&#12472;&#12458,485
616,&#12481;&#12519;&#12508;&#12510;&#12461,305
617,&#12450;&#12462;&#12523;&#12480;&#12540,495
618,&#12510;&#12483;&#12462;&#12519,471
619,&#12467;&#12472;&#12519;&#12501;&#12540,350
620,&#12467;&#12472;&#12519;&#12531;&#12489,510
621,&#12463;&#12522;&#12512;&#12460;&#12531,485
622,&#12468;&#12499;&#12483;&#12488,303
623,&#12468;&#12523;&#12540;&#12464,483
624,&#12467;&#12510;&#12479;&#12490,340
625,&#12461;&#12522;&#12461;&#12470;&#12531,490
626,&#12496;&#12483;&#12501;&#12525;&#12531,490
627,&#12527;&#12471;&#12508;&#12531,350
628,&#12454;&#12457;&#12540;&#12464;&#12523,510
629,&#12496;&#12523;&#12481;&#12515;&#12452,370
630,&#12496;&#12523;&#12472;&#12540;&#12490,510
631,&#12463;&#12452;&#12479;&#12521;&#12531,484
632,&#12450;&#12452;&#12450;&#12531;&#12488,484
633,&#12514;&#12494;&#12474,300
634,&#12472;&#12504;&#12483;&#12489,420
635,&#12469;&#12470;&#12531;&#12489;&#12521,600
636,&#12513;&#12521;&#12523;&#12496,360
637,&#12454;&#12523;&#12460;&#12514;&#12473,550
638,&#12467;&#12496;&#12523;&#12458;&#12531,580
639,&#12486;&#12521;&#12461;&#12458;&#12531,580
640,&#12499;&#12522;&#12472;&#12458;&#12531,580
641,&#12488;&#12523;&#12493;&#12525;&#12473,580
642,&#12508;&#12523;&#12488;&#12525;&#12473,580
643,&#12524;&#12471;&#12521;&#12512,680
644,&#12476;&#12463;&#12525;&#12512,680
645,&#12521;&#12531;&#12489;&#12525;&#12473,600
646,&#12461;&#12517;&#12524;&#12512,660
647,&#12465;&#12523;&#12487;&#12451;&#12458,580
648,&#12513;&#12525;&#12456;&#12483;&#12479,600
649,&#12466;&#12494;&#12475;&#12463;&#12488,600
650,&#12495;&#12522;&#12510;&#12525;&#12531,313
651,&#12495;&#12522;&#12508;&#12540;&#12464,405
652,&#12502;&#12522;&#12460;&#12525;&#12531,530
653,&#12501;&#12457;&#12483;&#12467,307
654,&#12486;&#12540;&#12523;&#12490;&#12540,409
655,&#12510;&#12501;&#12457;&#12463;&#12471;&#12540,534
656,&#12465;&#12525;&#12510;&#12484,314
657,&#12466;&#12467;&#12460;&#12471;&#12521,405
658,&#12466;&#12483;&#12467;&#12454;&#12460,530
659,&#12507;&#12523;&#12499;&#12540,237
660,&#12507;&#12523;&#12540;&#12489,423
661,&#12516;&#12516;&#12467;&#12510,278
662,&#12498;&#12494;&#12516;&#12467;&#12510,382
663,&#12501;&#12449;&#12452;&#12450;&#12525;&#12540,499
664,&#12467;&#12501;&#12461;&#12512;&#12471,200
665,&#12467;&#12501;&#12540;&#12521;&#12452,213
666,&#12499;&#12499;&#12520;&#12531,411
667,&#12471;&#12471;&#12467,369
668,&#12459;&#12456;&#12531;&#12472;&#12471,507
669,&#12501;&#12521;&#12409;&#12409,303
670,&#12501;&#12521;&#12456;&#12483;&#12486,371
671,&#12501;&#12521;&#12540;&#12472;&#12455;&#12473,552
672,&#12513;&#12455;&#12540;&#12463;&#12523,350
673,&#12468;&#12540;&#12468;&#12540;&#12488,531
674,&#12516;&#12531;&#12481;&#12515;&#12512,348
675,&#12468;&#12525;&#12531;&#12480,495
676,&#12488;&#12522;&#12511;&#12450;&#12531,472
677,&#12491;&#12515;&#12473;&#12497;&#12540,355
678,&#12491;&#12515;&#12458;&#12491;&#12463;&#12473,466
679,&#12498;&#12488;&#12484;&#12461,325
680,&#12491;&#12480;&#12531;&#12462;&#12523,448
681,&#12462;&#12523;&#12460;&#12523;&#12489,520
682,&#12471;&#12517;&#12471;&#12517;&#12503,341
683,&#12501;&#12524;&#12501;&#12527;&#12531,462
684,&#12506;&#12525;&#12483;&#12497;&#12501,341
685,&#12506;&#12525;&#12522;&#12540;&#12512,480
686,&#12510;&#12540;&#12452;&#12540;&#12459,288
687,&#12459;&#12521;&#12510;&#12493;&#12525,482
688,&#12459;&#12513;&#12486;&#12486,306
689,&#12460;&#12513;&#12494;&#12487;&#12473,500
690,&#12463;&#12474;&#12514;&#12540,320
691,&#12489;&#12521;&#12511;&#12489;&#12525,494
692,&#12454;&#12487;&#12483;&#12509;&#12454,330
693,&#12502;&#12525;&#12473;&#12479;&#12540,500
694,&#12456;&#12522;&#12461;&#12486;&#12523,289
695,&#12456;&#12524;&#12470;&#12540;&#12489,481
696,&#12481;&#12468;&#12521;&#12473,362
697,&#12460;&#12481;&#12468;&#12521;&#12473,521
698,&#12450;&#12510;&#12523;&#12473,362
699,&#12450;&#12510;&#12523;&#12523;&#12460,521
700,&#12491;&#12531;&#12501;&#12451;&#12450,525
701,&#12523;&#12481;&#12515;&#12502;&#12523,500
702,&#12487;&#12487;&#12531;&#12493,431
703,&#12513;&#12524;&#12471;&#12540,500
704,&#12492;&#12513;&#12521,300
705,&#12492;&#12513;&#12452;&#12523,452
706,&#12492;&#12513;&#12523;&#12468;&#12531,600
707,&#12463;&#12524;&#12483;&#12501;&#12451,470
708,&#12508;&#12463;&#12524;&#12540,309
709,&#12458;&#12540;&#12525;&#12483;&#12488,474
710,&#12496;&#12465;&#12483;&#12481;&#12515,335
711,&#12497;&#12531;&#12503;&#12472;&#12531,494
712,&#12459;&#12481;&#12467;&#12540;&#12523,304
713,&#12463;&#12524;&#12505;&#12540;&#12473,514
714,&#12458;&#12531;&#12496;&#12483;&#12488,245
715,&#12458;&#12531;&#12496;&#12540;&#12531,535
716,&#12476;&#12523;&#12493;&#12450;&#12473,680
717,&#12452;&#12505;&#12523;&#12479;&#12523,680
718,&#12472;&#12460;&#12523;&#12487,600
719,&#12487;&#12451;&#12450;&#12531;&#12471;&#12540,600
720,&#12501;&#12540;&#12497,600
721,&#12508;&#12523;&#12465;&#12491;&#12458;&#12531,600
